task,reasoning,self_reflection,answer,model,finetuned_model,score
What is the longest river in the world?,"The Nile River is often cited as the longest river, though there is debate with the Amazon. I'll reflect the most widely accepted view.","I will include that some experts argue about these details, but the Nile is traditionally recognized.","Traditionally, the Nile River is considered the longest river in the world."," The Nile River is often cited as the longest river in the world, but this is not entirely accurate. The Amazon River is actually longer, with a total length of approximately 4,000 miles (6,400 km) and a major portion of it being in Brazil. The Amazon River is often considered the longest river in the world due to its immense length. The Nile River, on the other hand, is only about 2,300 miles (3,700 km) long. The Amazon"," The longest river in the world is the Nile River. It stretches approximately 6,695 kilometers (4,160 miles) through several countries in northeastern Africa. The Nile is known for its annual flooding, which provides water and nutrients to the surrounding lands. It is an important water source for millions of people, supporting agriculture, industry, and urban centers in Egypt, Sudan, and Ethiopia.",9
How do vaccines work?,"Vaccines work by stimulating the immune system to produce antibodies, providing protection against specific diseases.",I need to ensure that the mechanism of building immunity is clear.,"Vaccines introduce a harmless component of a pathogen to stimulate the immune system, leading to the production of antibodies and immunological memory."," 
Vaccines are made from inactivated or weakened forms of the virus or bacteria that cause the disease, and they are designed to stimulate the body's immune system to produce antibodies that can recognize and fight the specific disease. Here's a step-by-step explanation of how vaccines work:

1. **Infection**: A person is infected with a disease.
2. **Viral Load**: The person's body accumulates a high viral load, meaning the virus is present in large quantities.
3."," Vaccines protect our bodies by introducing a harmless part of a germ or bacteria to help prevent illness. Here’s a step-by-step explanation:

1. **Infection occurs**: A person becomes infected with a germ or bacteria.
2. **Immune system response**: The body's immune system recognizes the foreign substance as harmful and mounts a defense. This usually involves the production of antibodies.
3. **Vaccine provides a safe alternative**: A vaccine provides a safe, harmless part of a germ or bacteria",8
What is gravity?,"Gravity is the force that pulls objects toward one another, particularly toward the Earth.",Correct. I could also mention it was formulated by Newton.,"Gravity is the force that attracts objects toward each other. On Earth, it pulls objects toward the center. It was described by Isaac Newton."," Gravity is a fundamental force of nature that affects the motion of objects with mass or energy. It is a universal force that acts between objects, causing them to attract each other. The force of gravity is described by Isaac Newton's law of universal gravitation.

Gravity is responsible for keeping planets in orbit around their stars, holding galaxies together, and shaping the universe as a whole. It also affects the motion of objects on Earth, such as falling objects and objects in motion.

Gravity is a two-way force"," Gravity is a fundamental force of nature that causes objects with mass to fall towards each other. It is described mathematically by the equation F = G \* m / r\^2, where F is the gravitational force, G is the gravitational constant, m is the mass of the object, and r is the distance between the objects. Gravity is a fundamental force of nature that causes objects with mass to fall towards each other and is responsible for many phenomena in the universe, including the orbits of",8
What is the significance of the Sistine Chapel ceiling?,"The Sistine Chapel ceiling, painted by Michelangelo, is celebrated for its artistic mastery and depiction of biblical scenes.",Referencing both the artist and the subject matter provides a complete answer.,"The Sistine Chapel ceiling is significant for its artistic brilliance and its biblical depictions, painted by Michelangelo."," Michelangelo's work on the ceiling is widely regarded as one of the greatest artistic achievements of all time.
The ceiling of the Sistine Chapel is renowned for its incredible detail and intricate designs. The artwork is so detailed that it can be seen with the naked eye. Michelangelo's use of color and light is a significant aspect of the artwork. He used the light to create a sense of depth and dimension in the paintings. The colors used in the artwork are also significant, as they were chosen to"," Michelangelo's frescoes are renowned for their grandeur and beauty, making them a celebrated masterpiece in the art world. The ceiling's intricate designs and themes, including the depiction of the biblical story of Adam and Eve, are widely admired. The Sistine Chapel ceiling has been celebrated as one of the greatest art masterpieces of all time.",9
What is the difference between weather and climate?,"Weather refers to the short-term atmospheric conditions in a specific area, such as temperature, humidity, and precipitation. Climate, on the other hand, describes the long-term average of weather patterns over a region.","The distinction is correct, but I should emphasize that weather is highly variable, while climate is more stable and is measured over decades.","Weather is the short-term atmospheric conditions in a specific area, while climate refers to the long-term patterns and averages of weather in a region over time."," Weather refers to short-term atmospheric conditions at a specific place and time, such as temperature, humidity, and precipitation. Climate, on the other hand, refers to the long-term average atmospheric conditions at a particular location, including temperature, humidity, and precipitation patterns over a long period of time.

To illustrate the difference, consider the following example:

Weather: ""It's going to be a sunny day tomorrow with a high of 75°F and a low of 55°F.""

Climate: ""It's"," Weather refers to the short-term atmospheric conditions in a specific place at a specific time, including temperature, humidity, cloud cover, wind, and precipitation. Climate, on the other hand, refers to the long-term patterns of weather in a particular region, including the frequency and intensity of various weather phenomena. While weather is what you get on a given day, climate is what you get on a regular basis. For example, a region with a Mediterranean climate will experience mild winters, hot summers, and limited",9
What is the law of demand in economics?,"The law of demand states that holding other factors constant, as the price of a good increases, the quantity demanded decreases.","I need to mention that exceptions exist (e.g., Giffen goods) while emphasizing the typical rule.","The law of demand states that, all else being equal, an increase in the price of a good leads to a decrease in the quantity demanded; exceptions like Giffen goods may occur."," The law of demand states that as the price of a good increases, the quantity demanded of that good also increases, assuming that the good is non-rivalrous and non-substitutable. In other words, if the price of a good increases, the demand for that good also increases, assuming that the good is not used for subsistence or for non-essential purposes.

For example, if the price of gasoline increases, the quantity demanded of gasoline will also increase. This is because gasoline is a"," The law of demand states that as the price of a good or service increases, the quantity demanded decreases, and vice versa. In other words, as the price of a good or service rises, people tend to buy less of it. The law of demand can be summarized as follows: The law of demand states that as the price of a good or service increases, the quantity demanded decreases, and vice versa. For example, if the price of bread is $2 per loaf, 10 loaves",8
Explain the benefits of community service.,"Community service enhances social connections, provides valuable support to local areas, and fosters empathy and civic responsibility.","I ensured that the answer mentions personal, social, and community benefits.","Community service builds strong relationships, supports local communities, and cultivates a sense of responsibility and empathy among participants."," Benefits of community service include:
1. **Community Engagement**: Community service helps build relationships with neighbors, colleagues, and community members, fostering a sense of belonging and social cohesion.
2. **Personal Growth**: Participating in community service can lead to personal growth, as individuals develop new skills, gain confidence, and learn to work collaboratively with others.
3. **Civic Engagement**: Community service can encourage individuals to become more involved in their community, leading to a greater sense of civic responsibility and a"," Community service can benefit individuals in several ways: it fosters a sense of responsibility and civic duty; it promotes social skills and teamwork; it enhances self-esteem and confidence; it provides an opportunity to learn new skills and gain knowledge; it supports the development of empathy and compassion; it helps to build stronger relationships and a sense of belonging in the community; it fosters a culture of volunteerism and community involvement; and it offers a chance to make a positive impact on the lives of others. Additionally,",9
What's the difference between DNA and RNA?,"DNA (deoxyribonucleic acid) and RNA (ribonucleic acid) are nucleic acids that store genetic information. DNA is double-stranded and contains the sugar deoxyribose, while RNA is usually single-stranded and contains the sugar ribose.","I should add that DNA uses the bases adenine (A), guanine (G), cytosine (C), and thymine (T), while RNA uses A, G, C, and uracil (U) instead of thymine. Also, DNA primarily stays in the nucleus of the cell, while RNA can move out of the nucleus to the cytoplasm where protein synthesis occurs. DNA stores genetic information long-term, while RNA generally carries out DNA's instructions for protein synthesis (though it has other functions too).","DNA (deoxyribonucleic acid) and RNA (ribonucleic acid) differ in several key ways: 1) Structure: DNA is typically double-stranded in a helix, while RNA is usually single-stranded. 2) Sugar component: DNA contains deoxyribose, while RNA contains ribose (which has an extra hydroxyl group). 3) Nitrogenous bases: Both contain adenine, guanine, and cytosine, but DNA uses thymine while RNA uses uracil instead. 4) Location: DNA is primarily confined to the nucleus in eukaryotes, while RNA can move between the nucleus and cytoplasm. 5) Function: DNA stores genetic information long-term, while RNA typically serves as a messenger (mRNA), structural component (rRNA), or functional molecule (tRNA, miRNA) that helps implement DNA's instructions. 6) Stability: DNA is more stable and less reactive than RNA due to its deoxyribose sugar."," In short, DNA is the genetic blueprint of an organism, while RNA is a type of RNA that is involved in the process of making proteins.

Here's a simple analogy to help you understand the difference:

**DNA** is like a blueprint for a house (e.g., a house plan). It's a set of instructions that tells the builder how to construct the house. Just like a blueprint has specific details and specifications, DNA has specific genes and instructions that are passed down from parents to offspring.

"," While both are nucleic acids, they differ in several key ways. DNA (deoxyribonucleic acid) and RNA (ribonucleic acid) differ in several key ways: 1. Structure: DNA is a double helix structure with sugar-phosphate backbones, while RNA is a single helix structure with sugar-phosphate backbones. 2. Sugar: DNA contains deoxyribose sugar, while RNA contains ribose sugar. 3. Phosphate: DNA",7
What is the significance of biodiversity hotspots?,"Biodiversity hotspots are regions with high levels of species richness and endemism that are under threat, making them priorities for conservation.",I confirmed that the answer clearly explains both high biodiversity and conservation urgency.,"Biodiversity hotspots are important because they house a large number of unique species under immediate threat, making their conservation crucial for preserving global biodiversity."," The importance of biodiversity hotspots is significant because they are the only places where humans and nature coexist. The existence of biodiversity hotspots is crucial for the conservation of the world's biodiversity. The biodiversity hotspots are the only places where humans and nature coexist, and the existence of biodiversity hotspots is crucial for the conservation of the world's biodiversity. The biodiversity hotspots are the only places where humans and nature coexist, and the existence of biodiversity hotspots is crucial for the conservation of the"," Biodiversity hotspots are areas of high biodiversity found in fragmented habitats. They are significant because they provide protection for threatened species, support ecosystem services, and can be a stepping stone for the conservation of global biodiversity.",8
How do you troubleshoot a smartphone that won’t charge?,"Troubleshooting a smartphone charging issue can include checking the cable and charger, cleaning the charging port, and trying another power source.","This answer outlines clear, sequential steps.","To troubleshoot a smartphone that isn’t charging, verify the cable and charger, clean the charging port, and try using a different power source."," Here’s a step-by-step guide to help you resolve the issue:

**Step 1: Check the charging port**

* Ensure the charging port is clean and free of debris.
* Try charging your phone using a different port (if possible).
* Clean the charging port with a soft cloth or a cotton swab.

**Step 2: Inspect the battery**

* Check the battery for any signs of physical damage, such as cracks or breaks.
* If the battery is damaged, it may"," You may have noticed that your phone is not charging even after trying charging it multiple times. Here are some steps to troubleshoot a smartphone that won’t charge:

1.  **Check the Battery:** The first thing you should do is to check the battery. If it's old or damaged, it may not hold a charge. Try replacing the battery or letting it drain to zero before charging. Also, ensure the battery is properly charged and not damaged.

2.  **Clean the Charging Port:**",7
What is the difference between a physical and chemical change?,"A physical change alters the form or appearance of a substance without changing its composition, while a chemical change results in a new substance. I need to ensure I include examples.","I should clarify that physical changes include melting ice, while chemical changes include burning wood.","A physical change, like melting ice, alters the form or appearance of a substance without changing its composition, while a chemical change, like burning wood, results in a new substance."," In simple terms, how do you tell when a change is physical or chemical?

## Step 1: Understanding Physical and Chemical Changes
A physical change is a transformation of a substance where its chemical composition remains the same. Examples include melting ice, boiling water, and dissolving sugar in water. In these changes, the substances change from solid to liquid or vice versa, but their chemical structures remain the same.

## Step 2: Understanding Chemical Changes
A chemical change, on the other hand,"," In other words, what is the difference between a change in matter and a change in chemical composition?

## Step 1: Define what a physical change is.
A physical change is a change in which a substance's molecules change shape but not their number, and the substance remains the same substance. Examples include melting ice, freezing water, and dissolving sugar in water.

## Step 2: Define what a chemical change is.
A chemical change is a change in which a substance's molecules are rearr",6
What is the difference between renewable and non-renewable energy?,"Renewable energy comes from sources that are naturally replenished, like solar and wind, while non-renewable energy comes from finite sources, like coal and oil. I need to ensure I include examples.","I should clarify that renewable energy is sustainable, while non-renewable energy contributes to environmental degradation.","Renewable energy comes from naturally replenished sources like solar and wind, while non-renewable energy comes from finite sources like coal and oil, which contribute to environmental degradation."," The main difference is that renewable energy comes from natural sources and is sustainable, whereas non-renewable energy comes from finite sources and is finite.

## Step 1: Define renewable energy
Renewable energy is energy that comes from natural sources that can be replenished over time, such as sunlight, wind, and water. This type of energy is sustainable and can be used indefinitely.

## Step 2: Define non-renewable energy
Non-renewable energy, also known as fossil"," Renewable energy is obtained from natural resources that can be replenished naturally, while non-renewable energy is obtained from resources that are finite and can only be extracted in limited quantities. In other words, renewable energy is sustainable because it can be replenished naturally, while non-renewable energy is not sustainable because it is finite and can only be extracted in limited quantities.",9
Why is the sky blue?,Due to Rayleigh scattering — shorter blue wavelengths scatter more in the atmosphere.,Ensure I include sunlight’s spectrum and atmospheric scattering.,The sky appears blue due to Rayleigh scattering of sunlight by atmospheric particles.," Answering this question is not as easy as it seems. The reason the sky appears blue is due to a phenomenon called Rayleigh scattering. It is named after the British physicist Lord Rayleigh who discovered it in 1871.

The reason the sky appears blue is due to a phenomenon called Rayleigh scattering. It is named after the British physicist Lord Rayleigh who discovered it in 1871. The scattering of light by small particles in the atmosphere is responsible for the blue color of the sky."," An explanation for the sky appearing blue during the day and turning white during sunrise and sunset. The sky appears blue because of the way that light interacts with our atmosphere. The atmosphere scatters sunlight in all directions, but primarily in the blue and violet ends of the spectrum. This is known as Rayleigh scattering. When sunlight enters our atmosphere, it is scattered in every direction by tiny molecules of gases. The blue end of the spectrum is scattered more than any other color because it is closer to the scattering",9
Explain the implications of quantum computing for encryption algorithms.,"Quantum computers could theoretically break many of today’s encryption methods, particularly RSA and ECC, due to their ability to solve certain problems much faster than classical computers. I'll need to examine how quantum algorithms like Shor’s algorithm affect encryption and explore quantum-resistant algorithms.","I should mention that quantum computing could significantly alter data security, but quantum-safe cryptographic methods are already being developed.","Quantum computing has the potential to break classical encryption methods like RSA and ECC, due to algorithms such as Shor’s algorithm. This could have major implications for data security, but quantum-resistant algorithms, like lattice-based cryptography, are being developed to address these challenges."," Quantum computers have the capability to solve certain problems exponentially faster than classical computers. This could potentially compromise the security of current encryption algorithms.

## Step 1: Understanding the Basics of Quantum Computing
Quantum computing is a new paradigm for computing that uses quantum-mechanical phenomena, such as superposition and entanglement, to perform calculations. Unlike classical computers, quantum computers can process multiple calculations simultaneously, significantly speeding up certain types of computations.

## Step 2: Implications of Quantum Computing for Encryption"," Quantum computers can potentially break current encryption algorithms, such as RSA, using the quantum advantage. This could have significant implications for national security and the future of cryptography. Quantum-resistant encryption algorithms, such as lattice-based cryptography, may be needed to ensure the security of encrypted data in the face of quantum attacks. The implications of quantum computing for encryption are far-reaching and require ongoing research and development to address.",9
How does the process of fermentation work?,"Fermentation is a metabolic process where microorganisms convert sugars into acids, gases, or alcohol in the absence of oxygen.",I must highlight its biochemical nature and its applications in food production.,"Fermentation is a metabolic process in which microorganisms break down sugars anaerobically, producing substances like alcohol, acids, or gases, and is used in the making of bread, yogurt, and alcoholic beverages."," Fermentation is a natural process that occurs in the presence of microorganisms such as yeast, bacteria, or fungi. Here's a step-by-step explanation of the fermentation process:

**Step 1: Microorganism Introduction**

Microorganisms such as yeast, bacteria, or fungi are introduced into a food or drink. This can happen through various means, such as:

* Spontaneous fermentation: Microorganisms can naturally occur in the food or drink, such as in fermented foods like cheese or beer.
"," Fermentation is the process by which microorganisms convert sugars into products such as alcohol or lactic acid. The process involves several key steps: 1. Microorganisms like yeast or bacteria break down sugars into fermentable substrates. 2. The sugars are converted into products like ethanol, CO2, or lactic acid by the microorganisms. 3. The products are then fermented by enzymes that break down the products into more fermentable substances. 4. The fermentation process produces byproducts",7
What is strategic planning?,Strategic planning involves setting long-term goals and determining the best course of action to achieve them while considering available resources and external factors.,This comprehensive explanation captures the essence of the planning process.,Strategic planning is the process of defining long-term goals and outlining the steps and resources needed to achieve them.," Strategic planning is a systematic approach to achieve a company's objectives. It involves a series of steps that outline the company's goals and objectives, identify the key factors that influence these goals, and develop a plan to achieve these objectives. Strategic planning is a critical function that helps companies to stay competitive in the market.

Here are the key steps involved in strategic planning:

1. **Define the company's objectives**: Identify the company's goals and objectives. What do you want to achieve? What are the key"," Strategic planning is a systematic approach to planning and decision-making that involves identifying goals, analyzing the situation, setting objectives, and developing plans to achieve them. It is a structured methodology that helps organizations and individuals make informed decisions and plan for the future. Strategic planning involves several key elements: 1. Identifying goals and objectives: This involves setting clear, measurable, and achievable objectives that align with the organization's or individual's vision. 2. Analyzing the situation: This involves gathering information about the",9
How do community gardens benefit urban spaces?,"Community gardens provide local access to fresh produce, enhance urban green space, foster social interaction, and contribute to environmental sustainability.",I confirmed that the answer includes both community and environmental benefits.,"Community gardens benefit urban areas by promoting local food production, enhancing green space, building community ties, and fostering sustainable practices."," Urban community gardens can have numerous benefits for urban spaces. Here are some of the ways they can benefit the city:

1.  **Community Building**: Community gardens can bring people together, creating a sense of community and social connection among gardeners. This can be especially beneficial in urban areas where people may be isolated or have limited access to social interactions.

2.  **Food Production**: Urban community gardens can provide an opportunity for people to grow their own fruits and vegetables, increasing access to fresh, healthy"," Community gardens offer several benefits to urban areas, including: 1. Increased food production: Community gardens provide an opportunity for local residents to grow their own fruits and vegetables, increasing food availability and reducing reliance on commercial stores. 2. Improved community relationships: Community gardens foster social connections and a sense of community among gardeners, which can be beneficial for urban residents who may be isolated or have limited access to local amenities. 3. Enhanced sustainability: Community gardens promote sustainable practices such as composting,",8
Who is known as the father of computers?,Charles Babbage is widely recognized as the father of computers due to his conceptual designs of computing machines in the 19th century.,I made sure that the attribution is correct and clearly acknowledged.,Charles Babbage is known as the father of computers.," John Atanasoff
John Atanasoff is known as the father of computers. He was an American physicist and engineer who is best known for his work on the development of the Atanasoff-Berry Computer (ABC), a computer that was the first to use a stored-program computer architecture.
Atanasoff's work on the ABC was pioneering, and it laid the foundation for modern computers. He developed the ABC in the 1940s and 1950s, and it was the first"," Alan Turing is known as the father of computers.
Alan Turing is known as the father of computers.",2
Who invented the telephone?,"Alexander Graham Bell is generally credited with inventing the telephone, a breakthrough that revolutionized long-distance communication.",I verified that the answer is straightforward and historically accurate.,Alexander Graham Bell is credited with the invention of the telephone.," Alexander Graham Bell.
Alexander Graham Bell is credited with inventing the first practical telephone. He filed the first patent for a telephone on March 7, 1876. He was awarded a patent for his telephone invention on February 14, 1876.
Alexander Graham Bell was born in Edinburgh, Scotland, in 1847. He was a Scottish-born inventor, engineer, and scientist. He was born to Melville and Elspeth Bell. He was raised in a family of modest means"," Alexander Graham Bell is credited with the invention of the telephone.

Alexander Graham Bell is credited with the invention of the telephone.",10
Explain the process of photosynthesis in detail.,"Photosynthesis converts light energy into chemical energy in plants using water and carbon dioxide, and it releases oxygen as a by-product.",I must include the fundamental reactants and products while noting its central role in the food chain.,"Photosynthesis is a process in which plants convert light energy, water, and carbon dioxide into glucose and oxygen, forming the basis of the food chain and sustaining life on Earth."," Photosynthesis is the process by which plants, algae, and some bacteria convert light energy from the sun into chemical energy in the form of glucose.

## Step 1: Introduction to Photosynthesis
Photosynthesis is the process by which plants, algae, and some bacteria convert light energy from the sun into chemical energy in the form of glucose. This process occurs in specialized organelles called chloroplasts, which are present in plant cells.

## Step 2: Light Absorption
The process of"," Photosynthesis is the process by which green plants and some other organisms convert light energy into chemical energy in the form of glucose. The process can be broken down into several key steps:

1. **Light Absorption**: Plants absorb light energy from the sun, which is usually in the form of photons. This energy is then transferred to pigments in the plant cells.

2. **Water Absorption**: Plants absorb water from the soil through their roots. This water is then transported to the leaves where photos",8
What's the difference between correlation and causation?,"Correlation means that two variables tend to change together (either in the same direction or opposite directions), while causation means that one variable directly causes the change in the other variable. Correlation does not necessarily imply causation.","I should explain this with examples to make it clearer. For example, ice cream sales and drowning deaths are correlated (both increase in summer months), but one doesn't cause the other—they're both influenced by a third factor (warm weather). I should also mention that establishing causation typically requires controlled experiments or more sophisticated research designs that can rule out alternative explanations. Causation implies correlation, but correlation doesn't necessarily imply causation. Mistaking correlation for causation is a common logical fallacy.","Correlation and causation represent fundamentally different relationships between variables. Correlation describes a statistical relationship where two or more variables tend to change together—either in the same direction (positive correlation) or opposite directions (negative correlation). For example, there's a positive correlation between height and weight in humans. Causation, however, specifically means that changes in one variable directly bring about changes in another variable—a cause-and-effect relationship. The crucial distinction is that correlation alone never proves causation. For example, ice cream sales and drowning deaths correlate strongly (both increase in summer), but neither causes the other; both increase because of a third factor (warmer weather). Common ways that correlations can exist without causation include: reverse causality (A doesn't cause B; B causes A), third variables (factor C causes both A and B), coincidence (random chance created the pattern), or sampling issues. Establishing causation typically requires controlled experiments that manipulate only the suspected causal variable, natural experiments that approximate controlled conditions, or advanced statistical methods that help rule out alternative explanations. The phrase 'correlation does not imply causation' reminds us to avoid assuming that because two things occur together, one must cause the other—a common fallacy in interpreting data."," A simple explanation

Correlation and causation are two concepts that are often confused with each other, but they are distinct and important in statistics, science, and decision-making.

**Correlation:**

A correlation is a statistical measure that shows the relationship between two variables. It tells us how closely two variables are related, but it does not imply causation. In other words, two variables are correlated, but one variable may be the result of another variable, or the outcome of a third variable.

"," Understanding this distinction is crucial for making informed decisions in various fields, including economics, sociology, and healthcare.

Correlation and causation are two distinct concepts that are often confused in research and everyday discussions. While correlation indicates a relationship between two variables, causation directly links one variable to another. Understanding the difference between these two concepts is essential for accurate analysis, decision-making, and communication.

### Correlation:

Correlation refers to the statistical relationship between two variables. For example, if there is a strong",7
How do solar panels work?,Solar panels convert sunlight into electricity using photovoltaic cells that generate an electric current.,The explanation is concise and accurately explains the process.,Solar panels work by converting sunlight into electricity through the use of photovoltaic cells.," A Step-by-Step Guide
Solar panels convert sunlight into electricity, and here's how they work:

**Step 1: Sunlight Hits the Solar Panel**

Solar panels are made up of many small photovoltaic cells (PV cells) that are arranged in a grid pattern. When sunlight hits the PV cells, it excites the electrons in the material, causing them to flow through the material.

**Step 2: Electrons Flow Through the Material**

The excited electrons flow through the material"," Solar panels convert sunlight into energy through a process involving semiconducting materials.

## Step 1: Understanding Solar Panels
Solar panels convert sunlight into electrical energy by using semiconducting materials. These materials have electrical properties that allow them to control the flow of electrons when sunlight is absorbed.

## Step 2: The Role of Semiconducting Materials
In solar panels, semiconducting materials like silicon or germanium are used to control the flow of electrons. When sunlight hits these",8
Who wrote 'To Kill a Mockingbird'?,'To Kill a Mockingbird' was written by Harper Lee. I need to verify this to ensure no confusion with similar authors.,Harper Lee is the correct author. There is no confusion with other authors like Mark Twain or Jane Austen.,Harper Lee wrote 'To Kill a Mockingbird'.,"?
' To Kill a Mockingbird'was written by the American author Harper Lee. She wrote the book in 1960-61, and it was published in 1961. The book became a bestseller and won the Pulitzer Prize in 1961.
The book is set in the fictional town of Maycomb, Alabama, in the 1930s, and it tells the story of a young girl named Scout Finch and her father, Atticus, as they navigate the challenges of","'
Harper Lee wrote 'To Kill a Mockingbird'.",10
Develop a risk management plan for a financial institution dealing with cyber threats.,"The plan must assess the likelihood and impact of cyber threats, identify vulnerabilities, and propose mitigation strategies. I’ll need to consider potential threats like phishing, ransomware, and insider threats, and implement layers of defense such as encryption, network monitoring, and employee training.","I should also evaluate the impact of regulatory compliance requirements, such as GDPR or SOX, and ensure that the risk management plan is aligned with industry standards.","The risk management plan includes identifying potential cyber threats, conducting vulnerability assessments, and implementing defense mechanisms like multi-factor authentication, encryption, and regular staff training. It also ensures compliance with regulatory requirements and includes periodic audits and risk reassessments."," The plan should include specific steps to mitigate risks and protect customer data.

## Step 1: Identify and Assess Risks
The first step is to identify and assess the risks associated with cyber threats in the financial institution. This involves evaluating the types of threats, their likelihood, and their potential impact on the institution.

## Step 2: Implement Security Measures
Implementing security measures is crucial to mitigate risks. This includes:

- Conducting regular security audits and penetration testing
- Implementing robust access"," The plan should include identifying potential cyber threats, assessing risk, prioritizing mitigation strategies, and ensuring compliance with regulatory requirements.

Risk Management Plan for Financial Institution:

I. Identification of Potential Cyber Threats:

1. Identify potential cyber threats such as phishing, malware attacks, and unauthorized access to customer data.
2. Assess the likelihood and impact of each threat on the institution's operations and reputation.

II. Risk Assessment:

1. Assess the overall risk level of each identified threat.
2. Evaluate the potential",8
What is the principle of ‘innocent until proven guilty’ in legal systems?,"The principle means that a person accused of a crime is presumed innocent unless proven guilty in a court of law. The burden of proof lies with the prosecution, and the accused is not required to prove innocence. This protects individual rights and prevents wrongful punishment without evidence.","This is accurate, but I should mention how this principle is foundational to fair trial systems and ensures due process under constitutional frameworks.",‘Innocent until proven guilty’ places the burden of proof on the prosecution and ensures the accused is not unjustly penalized without evidence. It underpins fair trial systems and guarantees due process in legal frameworks., This principle is also known as the ‘innocent until proven guilty’ rule. It is used to protect the rights of the accused in criminal cases. The principle is used to protect the rights of the accused in criminal cases. It is used to protect the rights of the accused in criminal cases. The principle is used to protect the rights of the accused in criminal cases. The principle is used to protect the rights of the accused in criminal cases. The principle is used to protect the rights of the," This principle is based on the idea that until evidence is presented against a person, they are not guilty by default and should be treated as innocent until proven guilty. This principle is used in many legal systems around the world. The principle of innocence until proven guilty is based on several key ideas: Innocent until proven guilty is a principle that holds that until evidence against a person is presented, they are not guilty by default. It is based on the idea that until evidence is presented, the person is innocent",7
What is inflation?,"Inflation refers to the general increase in prices over time, which results in the decreased purchasing power of money.",This definition covers the economic principle in a concise manner.,"Inflation is the sustained rise in the general price level of goods and services, reducing the purchasing power of money."," In simple terms, inflation is when the prices of things like food, housing, and cars go up. Here's a simple example to illustrate the concept:

Let's say you buy a loaf of bread for $2. You pay $2 for a loaf of bread. But then, one month later, you go to the store and find out that the price of bread has gone up to $2.50. You can buy the same loaf of bread for $2.50, which is a"," Inflation is a rise in general price levels, resulting from an increase in the money supply or an increase in the quantity of goods and services supplied by businesses. It is usually measured by the Consumer Price Index (CPI), which is a basket of goods and services that consumers buy in a typical week. The Consumer Price Index (CPI) is a commonly used indicator of inflation in many countries. When inflation rises, the purchasing power of money decreases, meaning that the same amount of money can buy",8
How do vaccines work?,"Vaccines stimulate the immune system to produce antibodies by imitating an infection, helping the body to recognize and fight the disease in future infections.",I verified that the answer explains the process without unnecessary technical details.,"Vaccines work by exposing the immune system to a harmless form or component of a pathogen, prompting it to create antibodies and memory cells for faster response in future exposures."," Vaccines are designed to stimulate the body's immune system to produce antibodies that can recognize and attack specific pathogens, such as bacteria, viruses, or fungi. Here's a step-by-step explanation of how vaccines work:

1. **Vaccine Administration**: When a vaccine is administered, it is mixed with a carrier substance, such as a sugar or starch, to help the vaccine be taken orally, injected, or inactivated (e.g., inactivated flu vaccines).
2. **Immune Response**:"," Vaccines are used to prevent the spread of diseases and protect individuals from illness. They work by introducing a harmless component of a pathogen, such as a virus or bacteria, to stimulate the immune system. This stimulates the production of antibodies and T-cells, which are crucial for protecting the body against future infections.

Here is a step-by-step explanation of how vaccines work:

1.  **Vaccine Administration**: A vaccine is administered to a person, typically in the form of a needle injection or",8
Why is the sky blue?,"The sky appears blue because of a phenomenon called Rayleigh scattering. Sunlight contains all colors of the visible spectrum, but when it enters Earth's atmosphere, the air molecules scatter blue light more than other colors because blue light has a shorter wavelength.","My explanation is correct, but I should add that specifically, blue light has a shorter wavelength than red, orange, or yellow light, so it's scattered more by the tiny air molecules in our atmosphere. This scattered blue light comes to us from all parts of the sky. I should also explain why sunsets are reddish: at sunset, sunlight travels through more atmosphere to reach our eyes, so even more blue light is scattered away, leaving primarily the longer-wavelength reds and oranges to reach us directly.","The sky appears blue due to a phenomenon called Rayleigh scattering. Sunlight, which appears white, actually contains all colors of the visible spectrum. When sunlight enters Earth's atmosphere, it collides with air molecules (primarily nitrogen and oxygen) that are much smaller than the wavelengths of visible light. These small particles scatter shorter-wavelength light (blues and violets) much more effectively than longer-wavelength light (reds and oranges)—specifically, the scattering is inversely proportional to the fourth power of the wavelength. While violet light is scattered even more than blue, our eyes are more sensitive to blue light, and some violet light is absorbed by the upper atmosphere, resulting in the characteristic blue sky we see. This same principle explains why sunsets appear reddish-orange: when the Sun is low on the horizon, its light passes through more atmosphere to reach our eyes, causing even more blue light to be scattered away in other directions. This leaves primarily the longer-wavelength reds, oranges, and yellows to travel directly to our eyes, creating the vibrant colors of sunset."," Answering this question requires an understanding of the Earth's atmosphere and the physics of light.

## Step 1: Understand the Earth's Atmosphere
The Earth's atmosphere is composed of several layers, each with its unique characteristics. The uppermost layer, the troposphere, is the layer where weather occurs. The next layer down, the stratosphere, is where most of the Earth's atmospheric gases, including ozone, are located.

## Step 2: Identify the Source of Blue Light
"," The sky appears blue because of a phenomenon called Rayleigh scattering, named after the British physicist Lord Rayleigh. He discovered that the color of the sky is determined by the scattering of sunlight by molecules of gases in the atmosphere. The shorter wavelengths of light (like blue and violet) are scattered more than the longer wavelengths (like red and orange) by the molecules of gases in the atmosphere. This phenomenon is the same as the way that white light is scattered by particles in the atmosphere. The scattering of",9
